task_id	task_name	method	evaluation_type	threshold_type	threshold	train_dataset	test_dataset	n_samples	n_positive	n_negative	roc_auc	average_precision	balanced_accuracy	brier_score	predicted_positive_rate	median_score_negative	median_score_positive	method_label	balanced_accuracy_pct	roc_auc_pct	predicted_positive_rate_pct	observed_positive_rate_pct
task_b	sepsis_vs_noninfectious_inflammation	standard_zscore	external	default_0_5	0.5	GSE65682	GSE28750	21	10	11	0.8727272727272727	0.9087301587301588	0.5	0.4761904752880032	0.0	3.012113914649239e-17	4.462395320036237e-13	Standard z-score	50.0	87.27272727272727	0.0	47.61904761904761
task_b	sepsis_vs_noninfectious_inflammation	sample_rank_zscore	external	default_0_5	0.5	GSE65682	GSE28750	21	10	11	0.8090909090909092	0.88	0.7	0.2738783428233161	0.1904761904761904	2.4349323501981137e-05	0.0585518641609732	Sample rank + z-score	70.0	80.90909090909092	19.04761904761904	47.61904761904761
task_b	sepsis_vs_noninfectious_inflammation	cohort_robust_scale	external	default_0_5	0.5	GSE65682	GSE28750	21	10	11	0.8000000000000002	0.8773684210526315	0.8045454545454545	0.158482032056397	0.3809523809523809	0.0104858194161116	0.9886103952350952	Cohort robust scale	80.45454545454544	80.00000000000001	38.09523809523809	47.61904761904761
